{
  "auc_roc": 0.6592717565630071,
  "average_precision": 0.13936524490313035,
  "precision": 0.055097087378640774,
  "recall": 0.9284253578732107,
  "f1_score": 0.10402107916141597
}